total_positive_reviews,total_negative_reviews,reviews_level,is_free,comment_total,hot_level,price,playtime_forever,adult_con,month_total_play_time,month_total_play_cnt,purchase_year,purchase_month,release_year,release_month,genres_score,categories_score,tags_score
372.0,96.0,3.875,0,468.0,0,8.216088098632316,0.0,0,21.300000000000004,9,2018,7,2013,12,1,0,0
23.0,1.0,23.0,1,24.0,0,0.0,0.016666666666666666,0,29.333333333333332,17,2016,11,2015,8,2,0,0
3018.0,663.0,4.552036199095022,0,3681.0,0,8.517193191416238,0.0,0,21.300000000000004,9,2018,7,2014,1,1,0,0
63078.0,1746.0,36.12714776632303,0,64824.0,2,9.20029003612268,1.5333333333333334,0,29.333333333333332,17,2016,11,2010,3,3,1,0
8841.0,523.0,16.904397705544934,0,9364.0,0,8.476371196895983,22.33333333333333,0,50.9,27,2018,3,2012,7,2,0,0
0.0,1.0,0.0,0,1.0,0,10.158129770909708,2.933333333333333,0,2.933333333333333,2,-1,-1,2019,3,2,3,0
39776.0,1035.0,38.43091787439614,0,40811.0,2,8.1886891244442,2.6166666666666667,0,30.499999999999996,14,2018,2,2012,10,1,0,0
33.0,3.0,11.0,1,36.0,0,0.0,0.15,0,16.2,16,2018,1,2016,4,1,0,0
1875.0,39.0,48.07692307692308,0,1914.0,0,8.294049640102028,0.016666666666666666,0,18.1,12,2018,11,2014,2,3,0,1
47.0,11.0,4.2727272727272725,0,58.0,0,9.082507000466299,0.016666666666666666,0,268.25,25,2017,12,2017,10,2,0,0
5893.0,700.0,8.418571428571429,0,6593.0,0,8.824677891164198,0.0,0,16.2,16,2018,1,2010,9,2,0,0
148.0,35.0,4.228571428571429,0,183.0,0,7.824046010856292,0.0,0,30.099999999999998,19,2017,6,2013,11,4,0,0
110.0,260.0,0.4230769230769231,1,370.0,0,0.0,0.0,0,0.0,10,2019,7,2018,12,1,0,0
9659.0,1058.0,9.129489603024574,0,10717.0,1,8.101677747454572,20.566666666666666,0,40.849999999999994,4,2016,10,2016,8,4,7,0
5871.0,551.0,10.655172413793103,0,6422.0,0,8.648221453822641,0.6333333333333333,0,28.450000000000003,16,2018,6,2016,8,2,6,0
167.0,30.0,5.566666666666666,1,197.0,0,0.0,0.016666666666666666,0,14.883333333333335,6,2017,9,2010,7,3,2,0
21566.0,1289.0,16.730799069045773,0,22855.0,1,8.824677891164198,3.3,0,16.2,16,2018,1,2012,9,4,1,0
43103.0,4042.0,10.663780306778822,0,47145.0,2,9.323669057283185,0.0,0,5.666666666666666,8,2019,5,2015,4,1,1,0
30934.0,7777.0,3.9776263340619775,0,38711.0,2,9.323669057283185,0.0,0,30.499999999999996,14,2018,2,2016,5,2,1,0
74.0,115.0,0.6434782608695652,0,189.0,0,8.1886891244442,0.0,0,1.3333333333333335,6,2018,12,2015,4,2,1,0
1122.0,248.0,4.524193548387097,0,1370.0,0,8.824677891164198,0.16666666666666666,0,16.2,16,2018,1,2010,11,0,0,0
8406.0,1780.0,4.722471910112359,0,10186.0,1,9.082507000466299,1.6166666666666667,0,29.333333333333332,17,2016,11,2014,9,3,1,0
20437.0,1847.0,11.064970221981591,0,22284.0,1,9.082507000466299,0.0,0,4.1,10,2018,5,2017,8,2,0,0
2.0,1.0,2.0,1,3.0,0,0.0,0.05,0,23.11666666666667,12,2017,11,2016,6,0,0,0
6812.0,1458.0,4.672153635116598,0,8270.0,0,9.464982590349763,0.0,0,4.183333333333334,5,2019,4,2017,5,1,1,0
9566.0,517.0,18.502901353965182,0,10083.0,1,9.20029003612268,0.0,0,4.1,10,2018,5,2010,1,2,0,0
5001.0,597.0,8.376884422110553,0,5598.0,0,7.313220387090301,0.21666666666666667,0,268.25,25,2017,12,2016,8,4,0,6
3457.0,372.0,9.293010752688172,0,3829.0,0,8.476371196895983,0.0,0,11.533333333333333,21,2019,6,2015,1,1,0,0
329.0,73.0,4.506849315068493,0,402.0,0,8.476371196895983,0.0,0,1.3333333333333335,6,2018,12,2009,11,2,0,0
36322.0,1542.0,23.555123216601817,0,37864.0,2,8.824677891164198,4.216666666666667,0,64.60000000000001,22,2017,10,2017,9,1,3,0
1270.0,73.0,17.397260273972602,0,1343.0,0,8.824677891164198,4.266666666666667,0,268.25,25,2017,12,2017,4,4,0,0
4640.0,212.0,21.88679245283019,0,4852.0,0,8.85366542803745,4.333333333333333,0,50.9,27,2018,3,2019,7,4,4,0
1107.0,64.0,17.296875,0,1171.0,0,8.85366542803745,2.1,0,30.499999999999996,14,2018,2,2016,9,1,0,0
1887.0,179.0,10.541899441340782,0,2066.0,0,8.366370301681654,0.9166666666666666,0,21.300000000000004,9,2018,7,2019,1,1,0,0
1663.0,153.0,10.869281045751634,0,1816.0,0,8.294049640102028,0.0,0,6.25,8,2018,10,2018,10,2,0,0
17071.0,1218.0,14.01559934318555,0,18289.0,1,9.159047077588632,2.85,0,41.233333333333334,7,2017,3,2012,6,2,2,0
18644.0,7748.0,2.40629839958699,0,26392.0,1,9.464982590349763,56.66666666666666,0,268.25,25,2017,12,2018,5,9,2,1
4328.0,1223.0,3.538838920686836,0,5551.0,0,9.210340371976184,0.0,0,11.533333333333333,21,2019,6,2016,11,1,1,0
4109.0,253.0,16.24110671936759,0,4362.0,0,8.476371196895983,4.516666666666667,0,23.11666666666667,12,2017,11,2017,8,4,0,0
36408.0,1063.0,34.25023518344309,0,37471.0,2,8.476371196895983,3.083333333333333,0,29.333333333333332,17,2016,11,2014,5,2,10,0
5163.0,182.0,28.36813186813187,0,5345.0,0,8.824677891164198,0.0,0,18.1,12,2018,11,2016,4,1,0,0
2268.0,82.0,27.658536585365855,0,2350.0,0,8.85366542803745,1.7,0,11.533333333333333,21,2019,6,2019,4,2,0,0
24505.0,7766.0,3.1554210661859385,0,32271.0,2,9.104979856318357,11.516666666666667,0,50.9,27,2018,3,2018,2,4,0,0
4760.0,925.0,5.145945945945946,0,5685.0,0,8.496990484098719,6.5,1,29.333333333333332,17,2016,11,2016,8,2,0,0
16607.0,1662.0,9.992178098676293,0,18269.0,1,8.517193191416238,0.8833333333333333,0,6.25,8,2018,10,2012,2,2,0,0
74.0,6.0,12.333333333333334,0,80.0,0,8.160518247477505,0.4666666666666667,0,50.9,27,2018,3,2017,10,1,0,0
22742.0,5941.0,3.8279750883689614,0,28683.0,2,10.118598932153073,0.0,0,20.616666666666667,4,2019,3,2016,11,2,0,0
5396.0,954.0,5.656184486373165,0,6350.0,0,9.305650551780507,0.0,0,64.60000000000001,22,2017,10,2014,6,4,0,0
1685.0,566.0,2.977031802120141,0,2251.0,0,8.131530710604252,0.0,0,30.499999999999996,14,2018,2,2008,11,2,0,0
14.0,4.0,3.5,1,18.0,0,0.0,0.4,0,23.11666666666667,12,2017,11,2016,3,4,1,0
2848.0,498.0,5.718875502008032,0,3346.0,0,7.649692623711514,0.31666666666666665,0,14.883333333333335,6,2017,9,2016,9,1,0,0
7052.0,718.0,9.821727019498606,0,7770.0,0,9.323669057283185,0.0,0,30.099999999999998,19,2017,6,2014,6,4,1,0
16482.0,2102.0,7.841103710751665,0,18584.0,1,8.824677891164198,0.0,0,2.533333333333333,17,2018,4,2014,11,1,3,1
4850.0,139.0,34.89208633093525,0,4989.0,0,8.699514748210191,1.9833333333333327,0,268.25,25,2017,12,2017,12,1,0,0
39351.0,3113.0,12.640860905878574,0,42464.0,2,9.680344001221918,14.55,0,14.883333333333335,6,2017,9,2016,2,2,0,0
1949.0,834.0,2.3369304556354917,0,2783.0,0,9.210340371976184,0.2,0,64.60000000000001,22,2017,10,2014,9,4,1,0
543.0,92.0,5.9021739130434785,0,635.0,0,8.83927669058535,3.9333333333333327,0,64.60000000000001,22,2017,10,2007,1,3,0,0
2805.0,169.0,16.597633136094675,0,2974.0,0,8.476371196895983,0.0,0,2.533333333333333,17,2018,4,2013,10,6,2,0
10311.0,1386.0,7.4393939393939394,0,11697.0,1,9.862665558015873,3.283333333333333,0,18.1,12,2018,11,2016,1,4,0,0
4204.0,820.0,5.126829268292683,0,5024.0,0,9.20029003612268,0.0,0,11.216666666666665,12,2019,2,2009,1,1,0,0
116.0,1.0,116.0,1,117.0,0,0.0,0.36666666666666653,0,23.11666666666667,12,2017,11,2016,6,5,1,0
53.0,33.0,1.606060606060606,0,86.0,0,7.003065458786462,0.8666666666666667,0,50.9,27,2018,3,2016,10,4,0,0
16682.0,1430.0,11.665734265734265,0,18112.0,1,9.323669057283185,0.0,0,268.25,25,2017,12,2014,10,1,0,0
696.0,129.0,5.395348837209302,1,825.0,0,0.0,0.0,0,0.016666666666666666,2,2015,8,2013,10,1,0,0
1895.0,161.0,11.770186335403727,0,2056.0,0,8.1886891244442,0.0,0,30.499999999999996,14,2018,2,2010,9,2,2,0
0.0,1.0,0.0,1,1.0,0,0.0,0.0,0,11.533333333333333,21,2019,6,2019,6,1,0,4
388.0,93.0,4.172043010752688,0,481.0,0,8.517193191416238,0.0,0,64.60000000000001,22,2017,10,2013,4,1,0,0
31.0,1.0,31.0,1,32.0,0,0.0,0.5666666666666667,0,23.11666666666667,12,2017,11,2016,5,2,0,0
20873.0,1450.0,14.395172413793103,0,22323.0,1,8.66561319653451,1.6333333333333333,0,1.9000000000000001,7,2018,9,2019,7,1,0,0
927.0,82.0,11.304878048780488,0,1009.0,0,8.476371196895983,1.1,0,30.099999999999998,19,2017,6,2015,4,2,0,0
827.0,99.0,8.353535353535353,0,926.0,0,7.8632667240095735,0.0,0,28.450000000000003,16,2018,6,2017,4,1,0,0
12603.0,1460.0,8.632191780821918,0,14063.0,1,9.104979856318357,0.4666666666666667,0,11.216666666666665,12,2019,2,2018,12,5,1,0
9347.0,971.0,9.62615859938208,0,10318.0,1,8.1886891244442,1.1,0,2.533333333333333,17,2018,4,2016,11,2,0,0
223.0,67.0,3.328358208955224,0,290.0,0,8.476371196895983,0.0,0,50.9,27,2018,3,2017,7,2,0,0
32422.0,1690.0,19.184615384615384,0,34112.0,2,8.1886891244442,0.13333333333333333,0,13.133333333333333,9,2017,4,2012,11,2,1,0
94.0,55.0,1.709090909090909,0,149.0,0,8.1886891244442,0.0,0,16.2,16,2018,1,2007,7,2,0,0
0.0,1.0,0.0,0,1.0,0,8.476371196895983,0.0,0,2.933333333333333,2,-1,-1,2011,8,3,0,0
608.0,197.0,3.0862944162436547,0,805.0,0,7.8632667240095735,3.066666666666667,0,21.300000000000004,9,2018,7,2016,4,1,0,0
1990.0,412.0,4.830097087378641,0,2402.0,0,8.961879012677683,0.0,0,11.533333333333333,21,2019,6,2017,7,1,0,0
31291.0,1358.0,23.0419734904271,0,32649.0,2,8.1886891244442,1.85,0,91.51666666666667,4,2017,8,2011,11,1,0,0
2638.0,424.0,6.221698113207547,0,3062.0,0,9.20029003612268,0.0,0,11.533333333333333,21,2019,6,2017,7,2,0,0
3430.0,136.0,25.220588235294116,0,3566.0,0,8.070906088787819,0.05,0,11.216666666666665,12,2019,2,2013,10,2,0,0
11298.0,491.0,23.010183299389002,0,11789.0,1,8.824677891164198,5.916666666666668,0,29.333333333333332,17,2016,11,2013,6,2,4,0
1382.0,390.0,3.5435897435897434,0,1772.0,0,9.159047077588632,6.366666666666666,0,11.216666666666665,12,2019,2,2018,2,2,0,0
3958.0,1430.0,2.767832167832168,0,5388.0,0,8.961879012677683,0.0,0,268.25,25,2017,12,2013,10,2,1,0
261.0,49.0,5.326530612244898,1,310.0,0,0.0,0.13333333333333333,0,115.3,3,2017,1,2015,1,3,0,0
6148.0,172.0,35.74418604651163,0,6320.0,0,6.396929655216146,0.11666666666666667,0,8.95,4,2016,9,2015,7,0,0,0
331.0,203.0,1.6305418719211822,0,534.0,0,8.824677891164198,0.0,0,16.2,16,2018,1,2008,2,1,0,0
5016.0,425.0,11.802352941176471,1,5441.0,0,0.0,0.0,0,0.0,10,2019,7,2011,11,1,2,0
14647.0,3002.0,4.879080612924717,0,17649.0,1,9.72913416539135,3.083333333333333,0,23.11666666666667,12,2017,11,2016,2,2,0,0
68660.0,27235.0,2.521020745364421,0,95895.0,2,9.20029003612268,32.766666666666666,0,268.25,25,2017,12,2015,11,2,0,0
678.0,175.0,3.874285714285714,0,853.0,0,10.305613759378778,0.1,0,11.533333333333333,21,2019,6,2017,3,1,1,0
24817.0,1421.0,17.464461646727656,0,26238.0,1,9.159047077588632,0.0,0,50.9,27,2018,3,2012,10,1,0,0
2941.0,245.0,12.004081632653062,0,3186.0,0,8.517193191416238,0.0,0,4.1,10,2018,5,2018,1,1,0,0
115489.0,1653.0,69.86630369026014,0,117142.0,2,8.216088098632316,0.45,0,29.333333333333332,17,2016,11,2011,4,2,3,0
3102.0,536.0,5.787313432835821,0,3638.0,0,9.323669057283185,1.5333333333333334,0,268.25,25,2017,12,2016,12,2,1,0
1127.0,185.0,6.091891891891892,0,1312.0,0,8.1886891244442,0.0,0,18.1,12,2018,11,2013,12,0,0,0
1393.0,153.0,9.104575163398692,0,1546.0,0,8.974618038455112,0.0,0,29.333333333333332,17,2016,11,2013,5,1,0,0
328.0,44.0,7.454545454545454,0,372.0,0,8.476371196895983,0.0,0,30.499999999999996,14,2018,2,2012,4,2,0,0
408.0,82.0,4.975609756097561,0,490.0,0,8.34283980427146,0.0,0,4.1,10,2018,5,2016,8,2,0,0
322460.0,14590.0,22.10143934201508,0,337050.0,2,8.1886891244442,0.8,0,64.60000000000001,22,2017,10,2006,11,1,1,0
1415.0,210.0,6.738095238095238,0,1625.0,0,8.824677891164198,0.1,0,64.60000000000001,22,2017,10,2017,8,1,0,0
1015.0,94.0,10.797872340425531,0,1109.0,0,8.1886891244442,2.8,0,41.233333333333334,7,2017,3,2007,5,4,0,0
468.0,43.0,10.883720930232558,0,511.0,0,8.1886891244442,0.0,0,64.60000000000001,22,2017,10,2008,12,0,0,0
34729.0,1454.0,23.885144429160935,0,36183.0,2,7.9724660159745655,0.5,0,41.233333333333334,7,2017,3,2012,9,2,0,0
2644.0,1256.0,2.105095541401274,0,3900.0,0,9.190137664658664,0.0,0,50.9,27,2018,3,2016,4,1,0,0
1813.0,188.0,9.643617021276595,0,2001.0,0,9.082507000466299,0.0,0,4.183333333333334,5,2019,4,2017,5,1,0,0
0.0,1.0,0.0,1,1.0,0,0.0,0.03333333333333333,0,1.9000000000000001,7,2018,9,2017,4,0,0,0
463.0,131.0,3.5343511450381677,0,594.0,0,8.216088098632316,0.0,0,30.499999999999996,14,2018,2,2018,2,2,0,0
3129.0,595.0,5.258823529411765,0,3724.0,0,8.85366542803745,1.6833333333333331,0,4.183333333333334,5,2019,4,2017,11,2,0,0
611.0,212.0,2.8820754716981134,0,823.0,0,8.974618038455112,0.0,0,29.333333333333332,17,2016,11,2014,5,1,0,0
9038.0,696.0,12.985632183908047,0,9734.0,0,8.824677891164198,0.25,0,50.9,27,2018,3,2014,4,2,0,0
3.0,2.0,1.5,1,5.0,0,0.0,0.08333333333333333,0,23.11666666666667,12,2017,11,2015,1,1,0,0
1683.0,395.0,4.260759493670886,0,2078.0,0,8.824677891164198,1.75,0,29.333333333333332,17,2016,11,2012,10,2,0,0
973.0,304.0,3.200657894736842,0,1277.0,0,8.824677891164198,0.0,1,16.2,16,2018,1,2018,7,0,0,0
9674.0,639.0,15.139280125195619,0,10313.0,1,9.20029003612268,0.2,0,4.1,10,2018,5,2008,12,3,0,0
8836.0,854.0,10.346604215456674,0,9690.0,0,9.210340371976184,0.0,0,6.25,8,2018,10,2017,4,2,0,0
5190.0,553.0,9.38517179023508,0,5743.0,0,8.824677891164198,0.0,0,16.2,16,2018,1,2009,9,1,0,0
1373.0,91.0,15.087912087912088,0,1464.0,0,7.003065458786462,1.4166666666666667,0,2.533333333333333,17,2018,4,2016,1,1,0,0
3393.0,712.0,4.765449438202247,0,4105.0,0,9.532423871145296,2.533333333333333,0,13.133333333333333,9,2017,4,2018,5,2,1,0
333.0,24.0,13.875,0,357.0,0,8.824677891164198,2.3,0,23.11666666666667,12,2017,11,2016,4,1,0,0
424.0,1442.0,0.29403606102635227,0,1866.0,0,8.476371196895983,0.0,0,13.133333333333333,9,2017,4,2014,7,3,0,0
8121.0,850.0,9.554117647058824,0,8971.0,0,8.85366542803745,0.5,0,5.666666666666666,8,2019,5,2019,1,1,0,0
8353.0,1007.0,8.29493545183714,0,9360.0,0,9.047821442478408,0.5333333333333333,0,30.099999999999998,19,2017,6,2014,1,3,0,0
419.0,42.0,9.976190476190476,0,461.0,0,8.85366542803745,0.0,0,11.533333333333333,21,2019,6,2014,5,1,0,0
3068.0,295.0,10.4,0,3363.0,0,8.85366542803745,0.0,0,1.9000000000000001,7,2018,9,2018,9,1,0,0
6.0,2.0,3.0,1,8.0,0,0.0,0.13333333333333333,0,1.3333333333333335,6,2018,12,2018,6,1,0,5
0.0,1.0,0.0,1,1.0,0,0.0,0.0,0,0.0,1,2019,1,2019,1,0,0,0
634.0,110.0,5.763636363636364,0,744.0,0,8.83927669058535,0.0,0,2.533333333333333,17,2018,4,2016,11,1,0,0
898.0,52.0,17.26923076923077,0,950.0,0,9.20029003612268,0.0,1,0.0,5,2019,8,2017,3,1,0,0
2125.0,333.0,6.381381381381382,0,2458.0,0,9.642122788401721,1.4,0,268.25,25,2017,12,2016,9,0,0,0
2790.0,450.0,6.2,0,3240.0,0,8.824677891164198,0.016666666666666666,0,49.4,6,2018,8,2016,3,1,2,0
10595.0,888.0,11.931306306306306,0,11483.0,1,8.824677891164198,0.6333333333333333,0,18.1,12,2018,11,2015,12,1,1,0
56368.0,20286.0,2.7786650892240954,0,76654.0,2,10.335269968961667,49.38333333333333,0,49.4,6,2018,8,2018,8,1,2,0
1081.0,76.0,14.223684210526315,0,1157.0,0,7.495541943884256,0.0,0,2.533333333333333,17,2018,4,2018,1,1,0,0
2048.0,883.0,2.319365798414496,0,2931.0,0,8.83927669058535,0.0,0,0.0,1,2019,9,2017,8,1,1,0
1945.0,2951.0,0.6590986106404608,0,4896.0,0,9.082507000466299,0.85,0,64.60000000000001,22,2017,10,2013,11,2,1,0
507.0,96.0,5.28125,0,603.0,0,8.476371196895983,0.0,0,18.1,12,2018,11,2016,9,2,1,0
8215.0,1424.0,5.768960674157303,0,9639.0,0,9.323669057283185,0.7,0,28.450000000000003,16,2018,6,2016,9,1,0,0
656.0,138.0,4.753623188405797,0,794.0,0,8.68270762989381,0.0,0,11.216666666666665,12,2019,2,2013,10,1,0,0
8356.0,2040.0,4.096078431372549,0,10396.0,1,10.196157166498947,0.0,0,11.533333333333333,21,2019,6,2016,10,5,1,0
365.0,55.0,6.636363636363637,0,420.0,0,9.323669057283185,0.0,0,2.533333333333333,17,2018,4,2017,10,2,1,0
9318.0,1194.0,7.8040201005025125,0,10512.0,1,6.684611727667927,0.5,0,30.549999999999997,3,2015,9,2014,8,3,0,0
5361.0,402.0,13.335820895522389,0,5763.0,0,8.216088098632316,4.216666666666667,0,40.849999999999994,4,2016,10,2016,1,1,0,0
5791.0,480.0,12.064583333333333,0,6271.0,0,9.358760377094455,0.0,0,50.9,27,2018,3,2012,6,1,4,0
67.0,74.0,0.9054054054054054,0,141.0,0,8.85366542803745,0.0,0,20.616666666666667,4,2019,3,2018,11,3,0,0
2789.0,410.0,6.802439024390244,0,3199.0,0,9.104979856318357,0.0,0,11.533333333333333,21,2019,6,2018,2,2,0,0
1074.0,126.0,8.523809523809524,0,1200.0,0,8.974618038455112,0.0,0,29.333333333333332,17,2016,11,2013,10,1,0,0
612.0,171.0,3.5789473684210527,0,783.0,0,8.216088098632316,0.0,0,0.0,10,2019,7,2015,8,1,0,0
42599.0,678.0,62.83038348082596,0,43277.0,2,9.104979856318357,1.95,0,64.60000000000001,22,2017,10,2016,2,2,3,0
3936.0,515.0,7.6427184466019416,0,4451.0,0,8.34283980427146,0.0,0,2.533333333333333,17,2018,4,2017,4,1,0,0
525.0,85.0,6.176470588235294,0,610.0,0,8.131530710604252,1.6833333333333331,0,30.099999999999998,19,2017,6,2016,4,1,0,0
8631.0,1192.0,7.240771812080537,0,9823.0,0,8.824677891164198,0.0,0,50.9,27,2018,3,2013,5,2,0,0
3533.0,1092.0,3.2353479853479854,0,4625.0,0,9.082507000466299,0.16666666666666666,0,28.450000000000003,16,2018,6,2015,4,4,0,0
2355.0,260.0,9.057692307692308,0,2615.0,0,9.20029003612268,0.9666666666666668,0,1.3333333333333335,6,2018,12,2015,11,3,0,0
798.0,52.0,15.346153846153847,0,850.0,0,8.070906088787819,0.1,0,28.450000000000003,16,2018,6,2015,2,5,0,0
351.0,91.0,3.857142857142857,1,442.0,0,0.0,0.0,1,0.0,10,2019,7,2017,1,1,0,0
1719.0,310.0,5.54516129032258,1,2029.0,0,0.0,0.2,0,16.2,16,2018,1,2017,5,8,2,0
11486.0,1087.0,10.566697332106715,0,12573.0,1,8.824677891164198,3.2333333333333334,0,30.099999999999998,19,2017,6,2013,10,3,0,0
1293.0,547.0,2.363802559414991,0,1840.0,0,8.824677891164198,0.0,0,16.2,16,2018,1,2011,6,1,0,0
25689.0,6151.0,4.176394082263046,0,31840.0,2,8.824677891164198,12.766666666666667,0,30.099999999999998,19,2017,6,2014,8,1,0,0
11102.0,1788.0,6.20917225950783,0,12890.0,1,9.667765219015058,10.0,0,23.11666666666667,12,2017,11,2017,2,2,0,0
340.0,40.0,8.5,0,380.0,0,7.696212639346407,0.0,0,1.9000000000000001,7,2018,9,2017,6,1,0,0
221277.0,6414.0,34.49906454630496,0,227691.0,2,8.1886891244442,51.28333333333333,0,51.28333333333333,1,2017,5,2011,5,4,1,0
1232.0,721.0,1.7087378640776698,0,1953.0,0,9.532423871145296,0.0,0,11.533333333333333,21,2019,6,2017,8,8,3,1
2492.0,498.0,5.004016064257028,0,2990.0,0,8.476371196895983,0.0,0,14.883333333333335,6,2017,9,2012,7,1,2,0
84.0,26.0,3.230769230769231,0,110.0,0,8.039157390473237,0.0,0,2.533333333333333,17,2018,4,2017,3,1,0,0
785.0,84.0,9.345238095238095,1,869.0,0,0.0,24.93333333333333,0,30.549999999999997,3,2015,9,2015,5,5,2,15
9255.0,1135.0,8.154185022026432,0,10390.0,1,9.433483923290392,1.7666666666666666,0,6.25,8,2018,10,2018,8,4,3,0
1544.0,634.0,2.4353312302839116,0,2178.0,0,9.735068900911164,0.5,0,6.25,8,2018,10,2017,12,3,0,0
4245.0,255.0,16.647058823529413,0,4500.0,0,7.8632667240095735,2.5,0,4.183333333333334,5,2019,4,2019,4,1,0,0
2807.0,469.0,5.985074626865671,0,3276.0,0,9.433483923290392,0.0,0,21.300000000000004,9,2018,7,2013,10,2,0,0
6992.0,423.0,16.52955082742317,0,7415.0,0,9.503009985939002,0.0,0,11.533333333333333,21,2019,6,2017,10,2,0,0
17278.0,445.0,38.826966292134834,0,17723.0,1,8.517193191416238,1.75,0,30.499999999999996,14,2018,2,2013,10,1,0,0
4075.0,397.0,10.26448362720403,0,4472.0,0,8.824677891164198,0.0,0,64.60000000000001,22,2017,10,2016,8,2,0,0
754.0,130.0,5.8,0,884.0,0,8.824677891164198,0.0,0,28.450000000000003,16,2018,6,2014,10,4,0,0
15695.0,2645.0,5.933837429111531,0,18340.0,1,9.464982590349763,0.0,0,11.533333333333333,21,2019,6,2016,10,2,0,0
757.0,195.0,3.882051282051282,0,952.0,0,8.1886891244442,0.08333333333333333,0,29.333333333333332,17,2016,11,2014,12,2,3,0
1261.0,497.0,2.5372233400402413,0,1758.0,0,8.1886891244442,0.0,0,30.099999999999998,19,2017,6,2014,7,1,0,0
2209.0,475.0,4.650526315789474,0,2684.0,0,9.082507000466299,0.05,0,268.25,25,2017,12,2017,8,1,0,0
12537.0,1746.0,7.180412371134021,0,14283.0,1,9.20029003612268,0.0,0,0.0,10,2019,7,2017,5,2,0,0
514.0,222.0,2.315315315315315,0,736.0,0,8.648221453822641,0.3333333333333333,0,268.25,25,2017,12,2019,2,2,3,0
7687.0,4014.0,1.9150473343298455,0,11701.0,1,8.764053269347762,0.0,0,50.9,27,2018,3,2016,9,3,0,0
4526.0,480.0,9.429166666666667,0,5006.0,0,8.594154232552366,14.433333333333335,0,21.300000000000004,9,2018,7,2018,5,2,0,0
12554.0,2868.0,4.377266387726639,0,15422.0,1,9.464982590349763,0.0,0,0.0,10,2019,7,2016,11,1,0,0
210988.0,4982.0,42.350060216780406,0,215970.0,2,9.449357272446683,0.8333333333333334,0,11.216666666666665,12,2019,2,2015,5,2,0,0
683.0,38.0,17.973684210526315,0,721.0,0,8.476371196895983,4.216666666666667,0,28.450000000000003,16,2018,6,2015,12,1,0,0
5559.0,416.0,13.36298076923077,0,5975.0,0,9.20029003612268,0.03333333333333333,0,30.099999999999998,19,2017,6,2009,11,2,0,0
453.0,160.0,2.83125,0,613.0,0,8.809862805379057,0.0,0,28.450000000000003,16,2018,6,2007,6,2,0,0
1372.0,69.0,19.884057971014492,0,1441.0,0,8.476371196895983,0.6,0,4.1,10,2018,5,2016,9,4,0,0
31993.0,1058.0,30.23913043478261,0,33051.0,2,9.740968623038354,0.9833333333333332,0,30.099999999999998,19,2017,6,2012,10,2,0,0
2809.0,492.0,5.709349593495935,0,3301.0,0,7.313220387090301,0.2,0,64.60000000000001,22,2017,10,2015,3,1,0,0
8351.0,2488.0,3.3565112540192925,0,10839.0,1,9.94270826568941,6.316666666666666,0,18.1,12,2018,11,2016,2,2,0,0
5683.0,1359.0,4.181751287711553,0,7042.0,0,8.66561319653451,0.0,0,49.4,6,2018,8,2015,9,4,0,0
5338.0,699.0,7.636623748211731,0,6037.0,0,8.824677891164198,0.0,0,64.60000000000001,22,2017,10,2014,9,1,0,0
32156.0,5298.0,6.069460173650434,0,37454.0,2,8.160518247477505,2.1166666666666667,0,64.60000000000001,22,2017,10,2016,2,1,0,0
249706.0,50297.0,4.964630097222498,0,300003.0,2,9.082507000466299,2.6333333333333333,0,268.25,25,2017,12,2015,12,1,0,0
47530.0,2488.0,19.10369774919614,0,50018.0,2,9.495519314209846,92.63333333333334,0,268.25,25,2017,12,2017,9,4,5,1
3578.0,762.0,4.695538057742782,1,4340.0,0,0.0,0.0,0,30.099999999999998,19,2017,6,2014,9,4,0,0
41729.0,2399.0,17.394330971238016,0,44128.0,2,8.824677891164198,0.0,0,21.300000000000004,9,2018,7,2014,11,2,1,0
0.0,1.0,0.0,1,1.0,0,0.0,0.0,0,0.0,5,2019,8,2018,11,1,0,0
1422.0,154.0,9.233766233766234,0,1576.0,0,8.85366542803745,0.0,0,0.0,5,2019,8,2016,6,1,0,0
1202.0,296.0,4.0608108108108105,0,1498.0,0,8.517193191416238,1.1666666666666667,0,29.333333333333332,17,2016,11,2015,9,2,0,0
4058.0,560.0,7.246428571428571,0,4618.0,0,8.476371196895983,1.25,0,13.133333333333333,9,2017,4,2016,8,2,0,0
43758.0,4142.0,10.564461612747465,0,47900.0,2,8.987196820661973,1.4,0,268.25,25,2017,12,2017,8,3,0,0
2713.0,332.0,8.171686746987952,1,3045.0,0,0.0,0.016666666666666666,0,0.016666666666666666,2,2015,8,2013,3,1,0,0
6989.0,638.0,10.954545454545455,0,7627.0,0,8.699514748210191,0.31666666666666665,1,268.25,25,2017,12,2016,5,3,0,0
1220.0,486.0,2.5102880658436213,0,1706.0,0,8.1886891244442,0.0,0,28.450000000000003,16,2018,6,2009,4,2,1,0
29499.0,4930.0,5.983569979716024,0,34429.0,2,9.104979856318357,7.4,0,64.60000000000001,22,2017,10,2019,2,1,1,0
102948.0,8055.0,12.780633147113594,0,111003.0,2,8.85366542803745,2.7,0,268.25,25,2017,12,2018,4,3,0,0
141.0,28.0,5.035714285714286,0,169.0,0,8.517193191416238,0.0,0,4.183333333333334,5,2019,4,2016,11,1,0,0
4711.0,1142.0,4.1252189141856395,0,5853.0,0,9.358760377094455,0.0,0,0.0,10,2019,7,2015,8,2,4,0
12903.0,992.0,13.007056451612904,0,13895.0,1,8.824677891164198,4.183333333333334,0,13.133333333333333,9,2017,4,2016,8,3,0,0
193310.0,34095.0,5.669746297111013,0,227405.0,2,8.216088098632316,11.516666666666667,0,40.849999999999994,4,2016,10,2013,8,3,1,0
7796.0,2533.0,3.077773391235689,0,10329.0,1,9.375854810453756,6.3,0,18.1,12,2018,11,2016,12,1,0,0
4692.0,614.0,7.641693811074918,0,5306.0,0,8.1886891244442,0.0,0,30.099999999999998,19,2017,6,2012,1,1,4,0
177.0,51.0,3.4705882352941178,0,228.0,0,8.294049640102028,0.15,0,50.9,27,2018,3,2015,7,3,0,0
1238.0,200.0,6.19,0,1438.0,0,8.824677891164198,0.0,0,2.533333333333333,17,2018,4,2016,3,1,0,0
32155.0,9237.0,3.4811085850384322,0,41392.0,2,8.83927669058535,9.883333333333333,0,91.51666666666667,4,2017,8,2017,5,5,0,0
4898.0,1410.0,3.473758865248227,0,6308.0,0,7.8632667240095735,0.4166666666666667,0,11.533333333333333,21,2019,6,2015,6,1,0,0
77254.0,3407.0,22.675080716172587,0,80661.0,2,16.588093030184524,9.683333333333334,0,64.60000000000001,22,2017,10,2013,3,2,0,0
1651.0,382.0,4.321989528795812,0,2033.0,0,8.517193191416238,31.983333333333334,0,41.233333333333334,7,2017,3,2015,10,2,0,2
1849.0,644.0,2.87111801242236,0,2493.0,0,9.825526011066415,7.516666666666667,0,50.9,27,2018,3,2016,6,2,0,0
58815.0,2879.0,20.42896839180271,0,61694.0,2,9.159047077588632,0.0,0,50.9,27,2018,3,2013,3,1,0,0
30160.0,1226.0,24.600326264274063,0,31386.0,2,8.85366542803745,0.0,0,50.9,27,2018,3,2013,9,2,0,0
86653.0,2667.0,32.490813648293965,1,89320.0,2,0.0,3.033333333333333,0,8.95,4,2016,9,2015,1,2,3,0
128486.0,53081.0,2.4205647971967372,0,181567.0,2,9.532423871145296,4.766666666666667,0,11.533333333333333,21,2019,6,2017,8,7,1,0
4834.0,785.0,6.15796178343949,0,5619.0,0,9.104979856318357,2.2,0,64.60000000000001,22,2017,10,2016,11,3,0,0
9349.0,1100.0,8.49909090909091,0,10449.0,1,9.323669057283185,5.4,0,30.099999999999998,19,2017,6,2015,10,4,0,1
1132.0,284.0,3.9859154929577465,0,1416.0,0,8.824677891164198,0.08333333333333333,0,30.499999999999996,14,2018,2,2012,9,2,1,0
12411.0,1334.0,9.30359820089955,0,13745.0,1,8.1886891244442,5.033333333333333,0,13.133333333333333,9,2017,4,2011,1,3,0,0
11955.0,2020.0,5.9183168316831685,0,13975.0,1,9.159047077588632,0.25,0,268.25,25,2017,12,2011,11,2,0,0
244.0,99.0,2.4646464646464645,0,343.0,0,9.104979856318357,0.0,0,11.533333333333333,21,2019,6,2018,7,1,1,0
68895.0,5453.0,12.634329726755913,0,74348.0,2,9.449357272446683,0.016666666666666666,0,2.533333333333333,17,2018,4,2015,1,3,1,0
76.0,5.0,15.2,1,81.0,0,0.0,5.383333333333334,0,8.95,4,2016,9,2015,10,5,0,0
280.0,81.0,3.45679012345679,0,361.0,0,8.517193191416238,0.0,0,2.533333333333333,17,2018,4,2018,2,2,0,0
3159.0,1645.0,1.9203647416413374,1,4804.0,0,0.0,28.98333333333333,0,64.60000000000001,22,2017,10,2016,11,5,1,0
1656.0,300.0,5.52,0,1956.0,0,8.824677891164198,0.0,0,11.533333333333333,21,2019,6,2015,8,4,1,1
22228.0,2682.0,8.287844891871737,0,24910.0,1,8.824677891164198,0.65,0,16.2,16,2018,1,2014,2,2,0,0
50.0,5.0,10.0,0,55.0,0,8.039157390473237,0.0,0,2.533333333333333,17,2018,4,2017,3,1,0,0
1159.0,121.0,9.578512396694215,0,1280.0,0,9.210340371976184,0.21666666666666667,0,29.333333333333332,17,2016,11,2013,8,1,0,0
3360.0,615.0,5.463414634146342,0,3975.0,0,9.082507000466299,0.0,0,5.666666666666666,8,2019,5,2015,4,2,1,0
1147.0,122.0,9.401639344262295,0,1269.0,0,8.1886891244442,0.0,0,28.450000000000003,16,2018,6,2006,8,1,0,0
10303.0,1437.0,7.169798190675017,0,11740.0,1,9.104979856318357,0.0,1,50.9,27,2018,3,2017,4,2,0,0
11989.0,738.0,16.245257452574524,0,12727.0,1,8.68270762989381,9.016666666666667,0,16.2,16,2018,1,2009,6,2,0,0
6414.0,437.0,14.677345537757438,0,6851.0,0,10.196157166498947,0.25,0,28.450000000000003,16,2018,6,2017,1,3,3,0
1796.0,264.0,6.803030303030303,0,2060.0,0,8.1886891244442,0.0,0,30.499999999999996,14,2018,2,2009,6,2,0,0
2460.0,1175.0,2.0936170212765957,0,3635.0,0,8.764053269347762,0.0,0,28.450000000000003,16,2018,6,2011,6,1,2,0
9066.0,562.0,16.131672597864767,0,9628.0,0,9.51044496442652,0.0,0,5.666666666666666,8,2019,5,2013,1,2,0,0
42.0,58.0,0.7241379310344828,0,100.0,0,8.131530710604252,0.16666666666666666,0,268.25,25,2017,12,2017,2,2,0,0
83914.0,2141.0,39.19383465670248,0,86055.0,2,7.549609165154532,5.116666666666666,0,5.666666666666666,8,2019,5,2018,11,5,1,0
6224.0,616.0,10.103896103896103,0,6840.0,0,8.824677891164198,4.55,0,40.849999999999994,4,2016,10,2015,2,3,0,0
175.0,25.0,7.0,0,200.0,0,8.45531778769815,3.1166666666666667,0,50.9,27,2018,3,2017,8,2,0,0
3697.0,218.0,16.958715596330276,0,3915.0,0,8.476371196895983,0.0,0,30.099999999999998,19,2017,6,2013,5,2,0,0
922.0,243.0,3.794238683127572,0,1165.0,0,8.039157390473237,0.0,0,1.3333333333333335,6,2018,12,2012,4,1,0,6
14164.0,537.0,26.376163873370576,0,14701.0,1,8.476371196895983,0.4166666666666667,0,8.95,4,2016,9,2015,4,3,1,0
5002.0,703.0,7.1152204836415365,0,5705.0,0,8.824677891164198,0.0,0,0.0,10,2019,7,2015,5,1,0,0
901.0,365.0,2.4684931506849317,0,1266.0,0,8.68270762989381,0.016666666666666666,0,64.60000000000001,22,2017,10,2016,8,3,0,0
2682.0,415.0,6.462650602409639,0,3097.0,0,8.824677891164198,2.716666666666667,0,2.716666666666667,1,2017,2,2013,11,3,0,0
2816.0,251.0,11.219123505976096,0,3067.0,0,9.082507000466299,0.03333333333333333,0,50.9,27,2018,3,2013,8,2,0,0
3175.0,335.0,9.477611940298507,0,3510.0,0,8.242756345714477,3.1666666666666665,0,268.25,25,2017,12,2013,11,1,0,0
970.0,357.0,2.7170868347338937,0,1327.0,0,9.323669057283185,0.0,0,5.666666666666666,8,2019,5,2013,8,4,0,0
2418.0,384.0,6.296875,0,2802.0,0,8.824677891164198,0.0,0,1.9000000000000001,7,2018,9,2016,8,1,0,0
29827.0,12856.0,2.3200840074673303,0,42683.0,2,9.898475010712584,1.0166666666666666,0,11.216666666666665,12,2019,2,2016,10,1,1,0
800.0,68.0,11.764705882352942,0,868.0,0,8.824677891164198,0.0,0,1.9000000000000001,7,2018,9,2017,8,2,1,0
16165.0,1121.0,14.420160570918823,0,17286.0,1,8.1886891244442,0.1,0,30.099999999999998,19,2017,6,2013,11,3,0,0
61.0,7.0,8.714285714285714,1,68.0,0,0.0,5.116666666666666,0,30.549999999999997,3,2015,9,2015,8,1,0,1
1337.0,383.0,3.4908616187989554,0,1720.0,0,9.082507000466299,0.13333333333333333,0,64.60000000000001,22,2017,10,2016,8,1,0,0
10999.0,546.0,20.144688644688646,0,11545.0,1,8.824677891164198,0.9166666666666666,0,268.25,25,2017,12,2017,4,1,0,0
440902.0,436046.0,1.0111364397334226,0,876948.0,2,9.190137664658664,78.7,0,91.51666666666667,4,2017,8,2017,12,5,2,5
36004.0,820.0,43.90731707317073,0,36824.0,2,9.239899174217728,1.7666666666666666,0,64.60000000000001,22,2017,10,2018,10,2,1,0
204.0,6.0,34.0,0,210.0,0,9.532423871145296,0.0,0,0.0,5,2019,8,2018,9,1,0,0
3567.0,563.0,6.335701598579041,0,4130.0,0,7.696212639346407,0.0,0,13.133333333333333,9,2017,4,2015,10,2,0,0
181.0,99.0,1.8282828282828283,0,280.0,0,8.070906088787819,0.0,0,49.4,6,2018,8,2018,5,1,0,1
1832.0,82.0,22.341463414634145,0,1914.0,0,7.313220387090301,0.0,0,2.533333333333333,17,2018,4,2016,10,1,0,0
75828.0,2911.0,26.048780487804876,0,78739.0,2,7.783224016336037,113.8,0,115.3,3,2017,1,2016,4,2,1,0
6607.0,1674.0,3.9468339307048983,0,8281.0,0,8.476371196895983,1.35,0,30.099999999999998,19,2017,6,2012,10,2,0,0
39.0,9.0,4.333333333333333,0,48.0,0,7.003065458786462,0.0,0,50.9,27,2018,3,2017,12,0,0,0
21211.0,4645.0,4.566415500538213,0,25856.0,1,9.852194258148577,0.0,0,0.0,5,2019,8,2016,2,1,1,0
2470.0,316.0,7.8164556962025316,0,2786.0,0,9.210340371976184,0.0,0,6.25,8,2018,10,2017,5,1,0,0
4736.0,661.0,7.164901664145234,0,5397.0,0,8.68270762989381,1.3666666666666667,0,115.3,3,2017,1,2015,4,1,2,0
1686.0,326.0,5.171779141104294,0,2012.0,0,9.20029003612268,0.2333333333333333,0,50.9,27,2018,3,2017,4,3,2,0
21158.0,16764.0,1.2621092817943211,0,37922.0,2,8.824677891164198,0.0,0,49.4,6,2018,8,2017,2,1,1,1
82806.0,65127.0,1.2714542355705007,1,147933.0,2,0.0,1.0833333333333333,0,91.51666666666667,4,2017,8,2018,2,5,0,5
3775.0,413.0,9.14043583535109,0,4188.0,0,8.216088098632316,0.0,0,14.883333333333335,6,2017,9,2015,6,2,0,0
1171.0,187.0,6.262032085561497,0,1358.0,0,8.732304571033183,0.7333333333333333,0,30.099999999999998,19,2017,6,2014,10,1,0,0
98.0,137.0,0.7153284671532847,0,235.0,0,8.1886891244442,0.0,0,28.450000000000003,16,2018,6,2011,6,1,0,0
1697.0,116.0,14.629310344827585,0,1813.0,0,8.268731832117737,0.2833333333333333,0,18.1,12,2018,11,2015,3,1,0,0
15087.0,932.0,16.18776824034335,0,16019.0,1,8.764053269347762,0.0,0,50.9,27,2018,3,2007,8,3,0,0
2217.0,1243.0,1.7835880933226067,0,3460.0,0,9.72913416539135,0.0,0,50.9,27,2018,3,2015,11,2,0,0
3878.0,332.0,11.680722891566266,0,4210.0,0,8.216088098632316,0.6166666666666667,0,268.25,25,2017,12,2016,10,2,0,0
10809.0,2301.0,4.697522816166884,0,13110.0,1,8.476371196895983,0.0,0,30.499999999999996,14,2018,2,2014,8,4,0,0
1186.0,330.0,3.5939393939393938,0,1516.0,0,8.00603417874901,0.0,0,4.1,10,2018,5,2016,11,2,3,0
213.0,44.0,4.840909090909091,0,257.0,0,8.131530710604252,0.0,0,11.216666666666665,12,2019,2,2017,5,2,0,0
6913.0,800.0,8.64125,1,7713.0,0,0.0,0.26666666666666666,0,16.2,16,2018,1,2017,7,2,4,0
41426.0,5190.0,7.981888246628131,0,46616.0,2,9.082507000466299,2.6,0,41.233333333333334,7,2017,3,2012,11,2,0,0
2129.0,1013.0,2.1016781836130307,0,3142.0,0,8.83927669058535,2.4833333333333334,0,11.216666666666665,12,2019,2,2016,6,8,3,1
1326.0,139.0,9.53956834532374,0,1465.0,0,8.974618038455112,0.0,0,29.333333333333332,17,2016,11,2012,10,1,0,0
4257.0,756.0,5.630952380952381,0,5013.0,0,8.824677891164198,0.0,0,16.2,16,2018,1,2016,11,4,0,0
114.0,29.0,3.9310344827586206,0,143.0,0,9.082507000466299,2.8833333333333333,0,21.300000000000004,9,2018,7,2017,12,1,0,0
978.0,155.0,6.309677419354839,0,1133.0,0,8.496990484098719,0.2333333333333333,0,1.3333333333333335,6,2018,12,2018,2,6,0,0
201.0,52.0,3.8653846153846154,0,253.0,0,7.649692623711514,0.2333333333333333,0,1.9000000000000001,7,2018,9,2016,7,3,0,0
440.0,57.0,7.719298245614035,0,497.0,0,9.082507000466299,0.15,0,4.1,10,2018,5,2018,7,2,0,0
1266.0,123.0,10.292682926829269,0,1389.0,0,5.991464547107982,0.4166666666666667,0,268.25,25,2017,12,2015,11,3,0,0
8255.0,622.0,13.271704180064308,0,8877.0,0,8.216088098632316,0.0,0,21.300000000000004,9,2018,7,2015,8,1,1,0
565.0,161.0,3.5093167701863353,0,726.0,0,8.987196820661973,0.7166666666666667,0,6.25,8,2018,10,2018,10,5,1,0
125.0,32.0,3.90625,0,157.0,0,8.476371196895983,0.0,0,28.450000000000003,16,2018,6,2016,2,2,0,0
3361.0,969.0,3.4685242518059853,0,4330.0,0,8.824677891164198,0.03333333333333333,0,28.450000000000003,16,2018,6,2014,9,4,5,0
330688.0,127502.0,2.5935906887735096,0,458190.0,2,9.38429367909962,22.35,0,28.450000000000003,16,2018,6,2015,4,2,0,0
24088.0,4546.0,5.298724153101627,0,28634.0,2,10.118598932153073,20.616666666666667,0,20.616666666666667,4,2019,3,2018,10,4,0,0
41141.0,6291.0,6.539659831505325,0,47432.0,2,8.961879012677683,0.0,0,11.216666666666665,12,2019,2,2016,1,3,0,1
363.0,67.0,5.417910447761194,0,430.0,0,8.824677891164198,0.0,0,0.0,10,2019,7,2016,3,4,0,0
166310.0,5827.0,28.541273382529603,0,172137.0,2,15.76140642120326,0.16666666666666666,0,41.233333333333334,7,2017,3,2009,11,1,3,0
2983.0,1438.0,2.0744089012517386,0,4421.0,0,8.881836305004146,0.0,0,2.533333333333333,17,2018,4,2015,8,2,1,0
2557.0,2333.0,1.096013716245178,0,4890.0,0,8.764053269347762,0.0,0,50.9,27,2018,3,2016,9,3,0,0
1653.0,616.0,2.6834415584415585,0,2269.0,0,9.210340371976184,0.0,0,2.533333333333333,17,2018,4,2017,5,5,1,0
2800.0,129.0,21.705426356589147,0,2929.0,0,9.323669057283185,0.0,0,5.666666666666666,8,2019,5,2017,3,1,0,0
1753.0,459.0,3.8191721132897603,0,2212.0,0,8.1886891244442,0.05,0,5.666666666666666,8,2019,5,2010,7,2,0,0
4633.0,865.0,5.35606936416185,0,5498.0,0,8.85366542803745,2.0166666666666666,0,11.533333333333333,21,2019,6,2018,4,4,4,1
7790.0,185.0,42.108108108108105,0,7975.0,0,7.649692623711514,0.8166666666666667,0,30.099999999999998,19,2017,6,2016,7,1,0,0
20898.0,2062.0,10.134820562560622,0,22960.0,1,9.323669057283185,0.0,0,268.25,25,2017,12,2012,2,4,0,0
177.0,4.0,44.25,0,181.0,0,8.824677891164198,0.0,1,18.1,12,2018,11,2017,8,3,0,0
0.0,1.0,0.0,1,1.0,0,0.0,1.3666666666666667,0,30.099999999999998,19,2017,6,2014,9,4,0,0
1306.0,258.0,5.062015503875969,0,1564.0,0,9.190137664658664,1.2666666666666666,0,18.1,12,2018,11,2018,3,3,0,0
2099.0,87.0,24.126436781609197,0,2186.0,0,8.242756345714477,0.2833333333333333,0,23.11666666666667,12,2017,11,2016,10,2,1,0
15327.0,949.0,16.15068493150685,0,16276.0,1,9.104979856318357,3.15,0,4.1,10,2018,5,2019,5,0,0,0
331.0,127.0,2.606299212598425,0,458.0,0,8.1886891244442,0.0,0,13.133333333333333,9,2017,4,2013,4,1,2,0
845.0,333.0,2.5375375375375375,0,1178.0,0,8.476371196895983,0.0,0,13.133333333333333,9,2017,4,2012,12,2,0,0
1688.0,233.0,7.244635193133047,0,1921.0,0,7.495541943884256,0.0,0,50.9,27,2018,3,2014,7,3,0,0
251.0,35.0,7.171428571428572,0,286.0,0,10.118598932153073,2.3833333333333333,0,6.25,8,2018,10,2017,11,2,2,0
378.0,42.0,9.0,0,420.0,0,8.824677891164198,0.0,0,4.1,10,2018,5,2016,7,1,0,0
15943.0,296.0,53.861486486486484,0,16239.0,1,9.082507000466299,2.533333333333333,0,11.533333333333333,21,2019,6,2017,10,1,3,0
135.0,29.0,4.655172413793103,1,164.0,0,0.0,0.31666666666666665,0,30.499999999999996,14,2018,2,2017,2,5,1,0
854.0,204.0,4.186274509803922,0,1058.0,0,8.476371196895983,0.0,0,11.533333333333333,21,2019,6,2017,8,1,0,0
27271.0,741.0,36.802968960863694,0,28012.0,2,9.375854810453756,0.0,0,11.533333333333333,21,2019,6,2014,3,4,3,0
730.0,90.0,8.11111111111111,0,820.0,0,7.824046010856292,0.0,0,11.216666666666665,12,2019,2,2013,10,1,0,0
1949.0,94.0,20.73404255319149,0,2043.0,0,8.476371196895983,0.6833333333333333,0,23.11666666666667,12,2017,11,2017,10,1,0,0
2292.0,463.0,4.950323974082074,0,2755.0,0,9.20029003612268,0.0,0,0.0,10,2019,7,2017,9,1,0,0
5034.0,1589.0,3.1680302076777846,0,6623.0,0,8.517193191416238,0.0,0,30.499999999999996,14,2018,2,2016,8,1,0,0
5641.0,687.0,8.211062590975255,0,6328.0,0,8.1886891244442,5.883333333333334,0,29.333333333333332,17,2016,11,2012,8,1,0,0
58.0,1.0,58.0,0,59.0,0,8.294049640102028,0.08333333333333333,0,50.9,27,2018,3,2015,9,1,0,0
42.0,32.0,1.3125,1,74.0,0,0.0,0.6166666666666667,0,0.6166666666666667,1,2016,12,2016,5,0,0,0
1142.0,108.0,10.574074074074074,0,1250.0,0,8.974618038455112,1.1166666666666667,0,29.333333333333332,17,2016,11,2012,11,1,0,0
609.0,92.0,6.619565217391305,0,701.0,0,8.974618038455112,0.0,0,2.533333333333333,17,2018,4,2015,7,1,0,0
6383.0,833.0,7.662665066026411,0,7216.0,0,8.476371196895983,0.05,0,64.60000000000001,22,2017,10,2013,7,4,1,0
31062.0,1077.0,28.841225626740947,0,32139.0,2,8.987196820661973,63.8,0,268.25,25,2017,12,2019,1,1,6,6
1975.0,44.0,44.88636363636363,0,2019.0,0,8.1886891244442,0.0,0,11.216666666666665,12,2019,2,2017,5,3,0,0
23338.0,7681.0,3.038406457492514,0,31019.0,2,9.94270826568941,23.63333333333333,0,30.499999999999996,14,2018,2,2017,3,2,0,1
263.0,63.0,4.174603174603175,0,326.0,0,7.600902459542082,0.0,0,20.616666666666667,4,2019,3,2013,4,1,0,0
3083.0,202.0,15.262376237623762,0,3285.0,0,8.476371196895983,0.3333333333333333,0,41.233333333333334,7,2017,3,2016,7,3,3,0
11922.0,2303.0,5.176726009552757,0,14225.0,1,8.216088098632316,2.45,0,16.2,16,2018,1,2014,10,1,2,1
106.0,23.0,4.608695652173913,0,129.0,0,8.517193191416238,0.0,0,18.1,12,2018,11,2017,5,4,0,0
150.0,91.0,1.6483516483516483,0,241.0,0,9.082507000466299,0.7833333333333333,0,23.11666666666667,12,2017,11,2016,12,2,1,0
19008.0,4849.0,3.919983501752939,0,23857.0,1,8.824677891164198,0.0,0,49.4,6,2018,8,2015,6,2,0,0
5099.0,1719.0,2.966259453170448,0,6818.0,0,9.02401079378469,0.0,0,16.2,16,2018,1,2015,11,4,0,0
718.0,159.0,4.515723270440252,0,877.0,0,8.824677891164198,0.0,0,14.883333333333335,6,2017,9,2016,6,2,0,0
915.0,102.0,8.970588235294118,0,1017.0,0,9.210340371976184,0.0,0,50.9,27,2018,3,2013,12,1,0,0
